﻿<?xml version="1.0"?>
<doc>
<assembly>
<name>
InventorySalesSystem
</name>
</assembly>
<members>
<member name="T:InventorySalesSystem.InventoryDataSet">
<summary>
Represents a strongly typed in-memory cache of data.
</summary>
</member>
<member name="T:InventorySalesSystem.InventoryDataSet.ItemListDataTable">
<summary>
Represents the strongly named DataTable class.
</summary>
</member>
<member name="T:InventorySalesSystem.InventoryDataSet.ItemListRow">
<summary>
Represents strongly named DataRow class.
</summary>
</member>
<member name="T:InventorySalesSystem.InventoryDataSet.ItemListRowChangeEvent">
<summary>
Row event argument class
</summary>
</member>
<member name="T:InventorySalesSystem.InventoryDataSetTableAdapters.ItemListTableAdapter">
<summary>
Represents the connection and commands used to retrieve and save data.
</summary>
</member>
<member name="T:InventorySalesSystem.InventoryDataSetTableAdapters.TableAdapterManager">
<summary>
TableAdapterManager is used to coordinate TableAdapters in the dataset to enable Hierarchical Update scenarios
</summary>
</member>
<member name="M:InventorySalesSystem.InventoryDataSetTableAdapters.TableAdapterManager.UpdateUpdatedRows(InventorySalesSystem.InventoryDataSet,System.Collections.Generic.List{System.Data.DataRow},System.Collections.Generic.List{System.Data.DataRow})">
<summary>
Update rows in top-down order.
</summary>
</member>
<member name="M:InventorySalesSystem.InventoryDataSetTableAdapters.TableAdapterManager.UpdateInsertedRows(InventorySalesSystem.InventoryDataSet,System.Collections.Generic.List{System.Data.DataRow})">
<summary>
Insert rows in top-down order.
</summary>
</member>
<member name="M:InventorySalesSystem.InventoryDataSetTableAdapters.TableAdapterManager.UpdateDeletedRows(InventorySalesSystem.InventoryDataSet,System.Collections.Generic.List{System.Data.DataRow})">
<summary>
Delete rows in bottom-up order.
</summary>
</member>
<member name="M:InventorySalesSystem.InventoryDataSetTableAdapters.TableAdapterManager.GetRealUpdatedRows(System.Data.DataRow[],System.Collections.Generic.List{System.Data.DataRow})">
<summary>
Remove inserted rows that become updated rows after calling TableAdapter.Update(inserted rows) first
</summary>
</member>
<member name="M:InventorySalesSystem.InventoryDataSetTableAdapters.TableAdapterManager.UpdateAll(InventorySalesSystem.InventoryDataSet)">
<summary>
Update all changes to the dataset.
</summary>
</member>
<member name="T:InventorySalesSystem.InventoryDataSetTableAdapters.TableAdapterManager.UpdateOrderOption">
<summary>
Update Order Option
</summary>
</member>
<member name="T:InventorySalesSystem.InventoryDataSetTableAdapters.TableAdapterManager.SelfReferenceComparer">
<summary>
Used to sort self-referenced table's rows
</summary>
</member>
<member name="T:InventorySalesSystem.My.Resources.Resources">
<summary>
  A strongly-typed resource class, for looking up localized strings, etc.
</summary>
</member>
<member name="P:InventorySalesSystem.My.Resources.Resources.ResourceManager">
<summary>
  Returns the cached ResourceManager instance used by this class.
</summary>
</member>
<member name="P:InventorySalesSystem.My.Resources.Resources.Culture">
<summary>
  Overrides the current thread's CurrentUICulture property for all
  resource lookups using this strongly typed resource class.
</summary>
</member>
</members>
</doc>
